-3.6677566,18.627157,-1.315683
-4.648705,-10.110995,-2.7796938
-5.1587205,-2.1404254,9.244484
6.5682435,5.7796125,7.650044
-1.4608517,-12.592502,-11.110564
9.775896,8.382354,1.7515348
-13.528008,-2.1089013,-0.7261926
11.297267,-11.988227,0.68674195
-0.13071029,-2.083276,6.132389
6.512316,4.188303,0.61726743
-4.227244,21.302172,-3.1757898
-1.4801502,-9.096027,-5.3052917
-6.1163816,2.901576,16.789223
9.002924,2.3072395,11.24444
1.6737465,-13.143507,-10.336321
-0.03479741,1.9654623,-14.813385
-16.061533,0.46466458,1.5198034
15.26086,-7.011876,-1.7675744
2.4137604,-7.463999,5.978943
8.779406,10.730059,2.4122145
-9.655599,16.533783,-2.3369591
-2.7736294,-7.4306846,-5.8133535
-5.3300567,0.40018424,16.349106
11.184188,0.44696757,12.353253
-0.9490748,-12.458204,-9.433441
-2.8908396,0.202572,-15.813609
-13.610768,-2.697159,-1.2254295
14.531756,-9.611857,-4.304845
0.05830972,-5.4122925,6.7052
9.011793,10.110756,2.3048499
-4.747401,15.584731,-3.9906876
8.620991,11.033482,2.2340577
1.5203364,5.2895036,-13.67089
2.5696948,1.348629,-13.292586
-14.512357,0.13162352,1.6624361
2.6621957,1.2947465,-13.274907
-8.863733,15.853273,-3.9303842
5.450444,7.070207,4.64615
2.719691,-8.786866,4.4174323
9.50544,10.627718,-1.8670218
0.7344563,-5.8957515,6.803801
2.2918887,-13.845855,-10.319838
-2.698983,-8.349389,-4.2667923
15.076419,-9.034917,-3.4602766
11.827452,-11.630512,1.3217329
7.684148,2.67425,13.750776
2.5357773,0.3655648,-13.494917
-4.0001464,-7.882533,-4.7026634
-4.018948,22.480446,-1.0751653
-8.538253,18.756105,1.573657
-5.0602016,-1.5425632,10.362164
-5.920689,-1.7486484,9.347201
13.853137,-9.436878,-3.1150353
-1.0607575,-6.323386,5.0816255
-6.05298,-1.6989596,9.207736
-10.627406,16.1813,-2.4058862
-3.4824264,-7.3280954,-4.7908945
-5.316163,-2.1124694,9.244887
-14.19018,-2.0118792,-1.7276158
7.960341,0.60199195,11.037404
7.8822126,2.3549902,13.5191765
15.360917,-7.449035,-1.9058057
8.645011,1.9310685,13.469343
8.296932,0.12414842,12.506877
0.062605694,-14.106691,-10.822432
-16.172447,0.5199165,-0.84245837
-14.266167,-2.0842822,-1.1624835
-17.191675,-2.4585412,-4.4022207
5.653423,-12.979559,-11.943647
7.700838,-8.593113,3.7915156
-4.7772613,-7.99919,-4.8207793
1.3919803,5.8997126,-14.686298
-10.827443,17.313396,-1.7973783
9.3881445,9.277207,1.8714278
-2.2779043,3.8328302,-11.169115
-6.220443,-1.8694206,9.095907
0.9435436,-6.7480392,2.8908026
-6.5432415,-1.839264,8.8999605
-8.288301,21.14971,1.4877503
-8.022349,19.615211,-0.5439986
-3.5639653,-7.0088873,-4.4152055
13.352657,-10.049941,-0.044400234
-13.907005,-2.301717,-0.8869205
9.570141,0.45333037,13.582166
-7.8264003,-2.4929307,18.833008
-3.6395314,-8.967006,-3.6567938
14.845271,-8.017117,-4.807274
4.418481,-12.765246,-7.202033
-13.924146,-0.84322286,-0.012222011
9.088304,1.5869639,13.233782
-2.6607218,-8.442865,-4.140999
8.912238,-0.45995897,12.238904
11.238651,9.67773,-1.6326858
-4.607332,-9.979735,-2.9037871
14.528542,-5.7966795,-0.1476394
-12.2728195,-3.0213344,-0.35787013
1.67199,-8.35833,4.7143006
-0.43248287,-12.9482355,-9.836409
8.868095,-0.25786746,12.95421
-7.382855,-9.905372,1.7035596
-0.72394526,-12.898963,-10.066678
-11.056797,17.392801,-0.13542907
-1.8574558,3.9612095,-12.554083
8.41246,-4.3999553,8.758452
-11.806468,-2.3429239,-2.5372486
8.886737,11.145502,0.98099506
-13.0100155,-2.3838277,0.76932985
-1.249515,-7.915381,-4.396981
15.283924,-8.279779,-2.853032
-2.128946,1.3328735,-15.171004
6.481053,-14.011985,-11.47359
5.4523954,-13.470011,-11.596567
14.249518,-8.719757,-0.2933858
-4.5903025,-0.32974416,14.566239
-0.3673142,-5.616503,3.6871576
-5.387922,-1.5684693,10.007524
-4.999191,-1.4544274,10.563184
0.2843958,0.73243564,-16.53399
13.488757,-8.244358,-1.2347903
7.6609707,11.599703,1.1195285
3.155727,1.2176069,-13.030946
4.468661,-12.8623705,-7.3603773
1.4352255,-7.1804967,7.602282
-1.4960455,-4.38434,7.2076807
2.6166072,-14.009518,-10.55592
10.984909,5.578361,0.20112596
-10.730823,16.911385,-1.6363232
2.7462854,-9.036943,4.250542
11.304105,7.5783215,-3.1100082
-6.1421704,-10.093706,-0.36974797
-6.5245433,18.076328,0.6808453
-0.7941289,-5.3515825,-5.4058533
-6.7283564,-3.2456167,17.591831
10.015509,-0.6395698,13.447915
0.7056245,-13.467437,-4.6082706
-0.6522611,-0.0041238666,-16.881678
-15.086167,0.4442552,-5.177306
15.309565,-6.828901,1.1901425
0.6249702,-4.0074596,6.023085
8.503829,9.967444,0.5378522
-8.816269,17.989265,-3.0491369
-0.9698133,-7.555361,-4.7932825
-5.563671,-4.371855,17.205978
9.173257,2.1012278,13.597949
-0.05651828,-14.085715,-4.474526
1.1777742,1.5548218,-15.945768
-14.412066,2.688149,0.11791187
15.628365,-6.899058,1.4484571
-0.7058018,-3.5539095,3.9384499
9.958044,8.418737,0.6050103
-10.141261,17.645096,0.29186395
-0.38493416,-6.792963,-4.7869177
-1.7659527,-0.12073198,16.392921
10.429617,0.17381303,12.816374
-0.3289141,-14.083509,-5.98465
-2.357782,-0.95711297,-19.148949
-14.162623,-0.74282765,-0.47139826
15.592913,-9.135393,3.0935838
-2.2829506,-5.9984665,6.6652975
9.025519,9.3715925,0.54788643
-8.131094,16.08085,-3.7590563
9.657834,10.008445,0.8450605
0.18295956,0.83106226,-16.005861
-1.6952264,-0.51271814,-18.637293
-16.533945,-1.523825,-5.245282
-0.81108963,-0.4985733,-17.87472
-6.7195377,16.85978,-2.1995962
6.256042,10.422128,1.3680578
0.57060003,-4.1791058,5.992365
8.303762,10.35343,0.5846732
3.627075,-4.7068596,8.829396
-1.1450353,-14.912586,-4.581459
-1.3631852,-6.976209,-6.1905985
12.636779,-9.530516,-3.134467
12.859551,-6.3502293,-2.8303614
9.098003,0.6324263,11.130914
-0.6462061,0.6335629,-15.807922
-0.54149663,-6.5159297,-5.2203913
-7.4608994,20.48509,-1.2876054
-10.925937,15.75095,-1.7632099
-5.5323644,-2.5571835,15.560705
-5.4238143,-3.9027283,17.015188
14.630412,-7.9028215,1.3582512
-0.7688043,-3.46979,6.5329456
-8.951875,-3.4839466,17.953476
-10.839561,16.885366,-1.6729549
-2.122213,-6.8466787,-6.248774
-7.624752,-1.6433676,15.869232
-15.518571,-1.8925498,-3.8084059
9.501712,2.2955763,13.685653
8.42741,0.7327786,14.380955
15.975514,-8.484812,4.59215
11.20313,1.0374918,13.312332
8.124765,0.9416452,13.81543
-1.2301383,-15.420336,-6.724562
-13.563167,-0.08059895,-0.55744284
-15.6314335,-1.9924694,-3.653483
-15.84502,-0.9692507,-4.8804936
-2.1852803,-15.499886,-5.211077
8.945594,7.7968373,0.87828153
-1.326402,-8.800717,-4.171565
-0.9591311,0.40519816,-16.32067
-8.973948,18.072268,-1.0825713
8.960562,6.1082115,0.12358545
-1.9059662,-0.9888969,-19.269855
-1.6616604,-0.1446791,16.019497
3.5480132,-4.5972595,8.612645
-5.6213546,-2.8860285,16.248125
-10.291964,15.646911,-3.0762608
-10.954691,17.557394,-0.5361526
-1.3668329,-6.950153,-5.8602023
10.819962,-9.463999,4.1723294
-16.745422,-2.5326633,-4.332785
9.487405,0.4299176,13.612119
-6.349043,-3.221404,17.148453
-0.7613968,-9.202142,-3.6750522
15.815519,-8.147978,4.0763164
9.376072,0.33997732,14.025124
-0.30708516,-6.8708677,-4.7655644
8.509351,0.5063014,13.360985
8.4555235,5.694211,-0.34390384
-2.1917982,-8.341729,-6.6469364
12.2246475,-9.071071,-1.6666783
-15.236141,-0.28965172,1.0831782
-2.554683,-2.9912262,6.926232
-0.60349077,-14.489761,-4.7051973
10.794501,0.4941961,13.428234
-1.4595245,-9.114433,-5.2984996
-0.632454,-14.310236,-5.035987
-7.906705,19.462105,-1.2355559
-0.48128578,-0.96778166,-17.54559
11.759068,0.25667432,12.246302
-13.305809,2.8347535,-2.693771
9.676733,9.11556,0.92027205
-16.60276,3.4530644,-4.97847
-1.777483,-8.334849,-6.6631308
14.937271,-9.573317,2.5979824
-1.436737,-0.9210562,-17.123863
-2.1299598,-15.522969,-5.3127894
-1.0778483,-13.9141655,-5.6660814
15.877595,-8.081358,3.5818958
-9.287759,-3.703108,17.966003
-1.7707375,-5.6034455,6.046685
-9.077747,-4.020017,17.73592
-5.643266,-2.5159483,15.320186
-0.89218926,-1.1902574,-17.871626
-0.82296073,-0.8975429,-16.491201
-1.4126993,-13.345021,-6.116144
-1.4569652,-4.320645,5.97386
-1.3706126,-3.9840572,6.864443
-0.09215609,-14.093705,-4.60395
5.9124246,4.6662564,0.08631743
-9.41049,17.27209,-0.896083
-2.6343818,-3.1651857,7.1280117
7.102109,5.7392097,0.53721684
-0.3211628,-5.3125257,3.9148786
-3.405716,20.612703,-3.489451
-4.093753,-9.6133585,1.5387306
-4.6012506,-1.7597209,19.434092
6.924539,5.794327,7.336029
5.334569,-13.54966,-11.130993
3.4623656,6.525173,-10.617274
-16.761572,1.7674416,-5.16976
11.520525,-10.234169,-2.5021517
0.7509108,0.9341455,3.2986312
6.869214,-3.9720035,-2.951928
-7.6266437,19.96324,-3.5101888
-2.0283384,-9.362761,-1.353263
-5.0360436,-1.7230095,18.972382
10.328502,4.412528,8.105479
4.0583367,-14.0317335,-9.623483
1.558313,1.1484145,-16.940565
-16.527718,0.9548405,-3.9300249
13.373716,-8.908438,1.4087151
3.2226222,-5.4579835,3.4327002
6.944113,-5.34731,-2.611541
-3.9795227,20.211363,-2.480111
-2.5102096,-8.832122,-0.074679226
-4.435089,-3.2299435,19.180012
7.5706315,5.6050277,11.750695
5.6058564,-15.38588,-10.4772
1.4565132,6.0180163,-11.705695
-16.977167,-1.7626662,-5.2980638
14.570327,-4.663154,-4.30713
3.1642091,-5.2249255,2.949793
8.795222,9.627829,-3.023612
-2.8253493,20.763144,-3.012753
6.477101,11.200479,1.030716
2.967772,6.2648735,-11.719973
-0.5517092,6.069454,-8.956787
-16.482496,0.9042262,-2.307626
1.4448978,7.5592504,-6.360406
-1.7064058,20.117493,-2.2876332
8.026851,5.082343,-2.5115726
-1.7981775,-1.2784605,4.577106
4.1136804,9.388274,-1.4986444
-1.2431113,-1.2391582,4.1428137
2.4922292,-15.312788,-12.09423
-6.953982,-8.223445,2.6789548
13.213197,-8.1463,2.1804678
12.827921,-5.761681,-3.6506498
10.578908,4.40279,8.784137
3.332832,6.1827097,-12.059477
-4.960215,-9.010684,4.7439632
-3.967197,22.439909,-1.0491457
-4.5435367,21.20511,-0.9866279
-6.125897,-4.211445,19.5015
-4.767122,-3.3882818,17.557365
12.432507,-8.122195,-3.9309704
1.208346,1.5140283,1.6579009
-4.4235063,-1.5742301,18.70181
-4.018474,20.833138,-1.5815263
-0.89191216,-9.162385,-3.8196282
-5.6516376,-2.3284872,19.296953
-15.389385,2.529544,-6.9759774
8.1088505,3.822675,7.1465883
10.820148,3.7880902,9.847818
13.970862,-5.370723,-4.968911
9.012663,4.472018,8.4839115
9.026922,4.349862,8.473528
4.348835,-15.271113,-10.749509
-18.834116,-0.14941609,-3.5313537
-18.73952,-0.005459804,-3.4374466
-18.302832,1.1415999,-1.0514864
5.339351,-16.313526,-10.832713
6.707967,-4.8060837,-3.5086057
-5.5022893,-9.791568,1.7843715
-1.3122015,2.012097,-13.209841
-4.851888,19.527662,-3.1983283
6.93573,-5.244614,-2.6987789
2.8273106,6.437366,-11.967297
-4.2580624,-2.0600877,18.331993
0.1253123,0.16818014,3.4869006
-5.1478467,-4.197205,19.261473
-4.6621675,21.197905,-2.5428214
-4.256157,19.416437,-3.265582
-2.3414447,-9.425439,-0.48540127
14.799683,-5.726399,-1.2964438
-16.11799,-0.4640973,0.39413148
10.257704,4.397918,8.490111
-4.327121,-3.6892612,18.295786
-2.111683,-9.38393,-0.95036846
15.034924,-6.068826,-0.72004974
4.028816,-14.254127,-9.560177
-16.613056,1.6919211,-6.1569405
9.143718,3.0957446,10.4677725
-3.7441611,-10.259726,2.19658
7.4114423,3.7361348,7.2749667
6.8880544,-4.475199,-2.9969692
-6.7426815,-11.38862,2.8864603
14.939516,-7.249416,2.730243
-16.510736,1.2109101,-2.3865743
1.4749992,-3.9628136,4.8217177
1.7255464,-16.269396,-12.24462
7.2095847,3.298556,7.1058683
-4.277724,-12.53278,2.7861173
5.840365,-13.044653,-9.230842
-6.685728,20.8861,-4.342975
3.0334911,7.4260907,-10.837268
7.2610874,5.861481,11.610487
-16.708832,0.50080454,-4.3653846
6.812743,-5.1015496,-3.087324
-19.302265,-0.5457396,-3.308205
-6.966336,-7.202453,1.3184313
16.42939,-8.295984,2.7128584
0.6055784,4.9216385,-12.647841
-0.08297404,-17.29499,-12.654789
3.6045845,-14.349817,-11.823654
14.922411,-6.12275,-0.69558096
-4.0947003,-2.4498727,19.58626
-0.078836225,-1.0407841,4.0213156
-5.0882874,-4.3781805,19.316544
-6.328049,-1.825833,19.179821
1.1405084,5.9213653,-9.081648
14.091869,-6.7903976,-3.3346157
3.7933428,-4.9192533,-6.5185504
0.44114718,0.48211968,-18.336731
4.70082,-15.8029,-10.830157
2.401091,1.3311685,5.508768
-1.3447747,-0.9894047,3.6930454
2.5413287,-13.7243395,-10.564774
3.1362214,-5.290446,-7.036607
-6.869466,20.16389,0.31105715
2.8786545,-5.3683305,3.1832745
6.8590755,-4.408057,-3.2711284
8.373626,1.8603395,10.408086
-9.2426,20.37464,-1.4652673
-2.4745717,-4.8876443,-6.266428
-5.990208,1.9913089,16.961079
10.414524,2.843801,9.909774
-1.7947971,-15.844538,-6.334813
3.5136557,4.2065763,-12.48064
-12.136024,2.700345,-2.5975966
9.534204,-3.353108,-5.117052
2.7475376,-0.18135464,1.3863432
11.101684,8.982434,-1.9277911
-7.993937,19.026495,-1.6088139
-5.08853,-7.5314393,-6.539442
-5.9850297,3.9324498,18.174437
7.9780664,7.556861,6.406544
1.1666646,-17.10928,-7.087011
2.0849736,2.7876117,-12.036074
-11.412455,3.3897524,-2.1196136
9.389996,-3.3526602,-5.5043597
1.7903626,-5.125482,5.5453153
5.3354254,9.702362,1.0721967
-8.968408,17.878023,-0.8274008
-2.9205017,-7.5537853,-6.9144473
-7.845578,1.6055025,17.11909
5.883774,9.412195,10.522786
-0.573117,-15.010621,-6.8181734
2.1825213,3.019948,-11.977958
-12.171054,3.1471996,-0.70682263
9.403861,-3.4470167,-5.892576
-0.049949218,0.46985057,-0.014565896
5.3628345,9.726079,1.096565
-8.458004,17.633121,-3.6535296
5.0073485,5.559421,0.60671747
3.9854877,4.3403606,-12.398791
1.3910006,3.320133,-11.539432
-11.444086,3.9986866,-1.5244635
5.0383964,4.3688173,-12.289126
-8.8621235,20.013453,-2.4303744
4.88823,5.7621775,0.63524413
0.8490298,-1.0551012,1.9414154
6.362413,8.1187725,-1.033404
2.0762188,-0.7187855,2.7463484
0.61561024,-13.743947,-7.351114
-3.0237174,-6.7240214,-6.0039997
8.666997,-3.1683617,-7.069438
10.269681,-2.8125641,-3.889176
8.850105,7.0357676,7.051852
2.7896416,3.0934422,-11.720803
-5.026845,-7.5560265,-6.447243
-7.702585,19.063862,-0.24649192
-8.617126,17.95481,0.25200576
-6.292543,3.8559473,18.0711
-6.0076528,1.7491183,18.69681
9.44722,-3.3523128,-5.2878656
2.159731,1.4561774,0.60928285
-5.759368,2.442335,19.0023
-4.6886773,18.695541,1.0798678
-12.337243,1.5717198,12.615206
-5.58966,4.107244,18.617586
-14.041343,2.23598,-6.879966
9.470644,7.0289683,7.0599494
8.106389,6.7862277,5.809653
9.398937,-3.6575804,-6.5698724
9.089415,7.0799546,6.870233
7.5597186,7.0712175,5.8068194
0.27712455,-16.150814,-7.1631713
-12.399679,3.0684426,-0.547648
-11.764396,3.0401258,-2.242085
-12.257867,3.1474133,-0.34814683
-0.9891846,-14.796963,-7.05708
6.66202,7.7838078,-1.4451857
-2.9703507,-7.0423536,-5.9642124
3.42553,7.5809703,-13.303538
-6.7511916,17.064928,-2.5550644
4.8887916,5.893036,0.59800404
1.3862883,3.401032,-11.613075
-6.927169,2.946159,17.361702
2.8502162,-1.0697547,2.5034173
-6.7827625,-0.11275234,17.265465
-4.7231574,18.254005,-0.27551988
-9.53558,19.347424,0.31812498
-4.89995,-8.118019,-5.9123626
8.6685705,-3.1694047,-7.079916
-13.080982,-0.103220485,-1.8352898
7.816764,6.9555345,6.18379
-8.70186,-0.45416552,17.020267
-4.568191,-8.955403,-5.869083
10.034822,-2.9670274,-4.3075933
-1.0399444,-12.531569,-8.754599
-13.175853,3.8004706,0.324073
7.240845,6.9915333,6.070555
-2.9749563,-7.832468,-4.894166
5.9536324,6.4732785,5.6239657
6.1824603,7.267481,0.12949128
-3.8086977,-7.4623036,-6.850432
7.4822297,-3.7180412,-4.0743647
-12.312632,4.527252,-0.4581781
-0.40155345,1.0602401,4.894638
0.13572134,-16.393505,-7.189512
6.5067496,6.270956,6.285833
-4.403206,-7.4255733,-6.6649866
0.0931619,-14.915255,-7.028964
-10.102632,19.325514,-1.5176688
2.4441257,4.358227,-13.294125
7.7253475,8.011912,5.6874614
-12.849963,2.583672,-1.062414
4.769471,5.8686104,0.6825023
-10.734672,-2.4549222,-2.9387074
-2.986905,-6.8507843,-6.6204233
9.520268,-3.6106458,-6.210998
1.4389032,3.1710074,-11.806824
-0.79129684,-12.755127,-8.16042
-0.9875024,-14.190967,-7.570214
9.116456,-3.3216023,-5.657109
-7.0541854,-0.59826547,17.331112
-0.69957143,0.7558945,2.6086648
-8.050629,0.5914531,17.238535
-4.8097644,-2.2836788,10.143964
-1.560047,1.7696408,-16.005465
9.92878,-3.0141537,-4.4451666
6.0103846,7.566571,-0.17856975
2.1364653,2.8171444,-10.939267
-0.7486084,-12.887898,-8.589476
1.5171024,-4.420648,5.373392
0.63376254,-4.595349,4.683872
-1.9170052,-15.81799,-6.095242
11.030392,7.614482,-4.539691
-5.5959716,19.61701,-1.2406143
0.17212388,-0.79286915,2.5178275
6.1193085,7.4314275,-0.38068318
1.8110628,-0.7061722,2.3394766
-5.79993,16.872406,-1.5836872
-13.026239,2.3448498,11.132842
-2.4387116,4.098157,17.025837
1.4537323,6.117057,8.627925
4.9675074,-17.074442,-7.3078527
1.9780461,8.789007,-12.997344
-12.92115,0.4512936,-2.6699834
10.461756,-9.640231,4.3078313
-4.4493003,-2.2122252,6.103541
3.2634385,6.060437,-1.6427066
-3.7495844,21.36026,0.4282443
-12.245545,1.2871771,12.2211075
-4.9646187,4.831417,15.129025
1.5020387,5.2722282,9.707282
6.0973825,-16.029963,-7.470703
1.37248,9.249003,-10.054287
-13.020901,1.2373646,-5.6504354
11.693453,-10.404873,0.8142967
-3.0075576,-1.3769702,6.284448
3.8944793,6.534377,-1.9718674
-4.6610837,16.328768,-1.5044986
-12.42774,0.8853912,11.330054
-4.836514,4.8670797,15.34361
0.41747388,4.8938737,9.835278
2.2199817,-18.480658,-8.362171
2.490147,8.567522,-11.145505
-14.109516,0.82542324,-3.529658
12.45041,-8.600294,-3.8940616
-2.550553,-0.9115064,6.436882
2.3393767,7.546245,-1.0380003
-5.6581516,16.608397,-1.7166768
2.5747464,-4.3050957,4.418381
2.4227448,5.8985004,-13.494976
2.3522432,9.069423,-9.919724
-12.400611,-0.388208,-3.730917
2.492375,9.124375,-10.640338
-4.783006,20.634748,1.7126062
11.122562,6.871433,-3.1845267
-3.9844546,-1.8190756,5.7261567
2.3756042,6.352245,-1.4211944
-3.1455407,-0.89580375,6.8461976
4.2825303,-17.58087,-8.790001
-12.867651,0.56846964,11.716714
14.131971,-8.295115,-1.466162
11.593327,-9.79706,-0.19550292
1.7762688,6.139064,9.23753
2.0562503,8.467707,-11.035044
-12.996382,0.72438204,10.271997
-5.755181,16.383514,0.867824
-7.335582,22.385172,-0.17906791
-4.7141523,3.0204458,14.625283
-5.0373335,3.2523973,14.512525
11.570182,-10.969558,2.9804735
-3.0752661,-0.15088922,7.400112
-4.011936,2.4632137,15.831641
-4.6117177,17.686556,-3.2131436
-12.695909,0.30496946,11.831897
-5.0546117,3.2284458,14.527966
-11.359564,-1.1581309,-3.5313776
1.1594254,6.8398976,9.04597
3.8448076,5.1851044,11.528738
11.881474,-9.231626,-4.160504
0.6193791,5.2286754,8.450209
1.2688762,5.941098,9.133859
4.0889177,-16.776585,-9.501844
-12.004485,0.12733507,-4.914811
-12.702148,0.1271946,-2.9075966
-12.542836,1.0211047,-5.7302475
5.6748967,-16.1584,-7.324062
9.253835,7.3813415,-4.765761
-13.370391,0.91768146,10.568213
1.9742179,7.601488,-11.529604
-6.61051,14.477061,0.5178565
6.060611,6.970376,-3.6180382
1.2190286,9.80468,-10.217619
-3.97787,4.172276,16.626804
-3.455844,-0.6530469,7.4057636
-4.821181,-1.3385801,19.78548
-4.3887143,17.433031,1.6166475
-5.4708962,16.055061,-1.6004598
-12.54632,0.5305612,10.6672
12.286489,-9.863872,1.6521559
-11.996912,0.17328438,-4.925036
1.0055492,6.8147573,9.136813
-8.387529,-2.3674674,19.577332
-13.279909,1.1269299,10.643384
12.322413,-10.352411,0.17255393
5.1280994,-17.415384,-7.007524
-11.373382,-1.479639,-3.326851
1.1684111,4.8331532,9.005936
-12.321721,0.23950979,10.568268
0.7766229,5.1176805,9.420634
2.3760996,6.351941,-1.4601773
-13.01663,2.0755146,10.746131
13.908075,-8.069359,1.3789153
-12.834957,0.52978164,-2.6545541
-3.283011,-1.0332156,6.8168254
4.26085,-17.664349,-8.198284
1.7654432,5.8909597,9.612923
-5.6581306,-6.627731,4.0748243
4.8486743,-17.946054,-8.020992
-4.147646,15.754283,-1.7986534
2.8579094,8.934665,-9.8880205
1.6811622,5.70481,9.58499
-13.243154,-0.12934862,-2.6360326
2.369718,6.372276,-1.4444625
-11.728804,-0.30036876,-3.3710496
-13.391186,3.2054875,10.621164
12.739824,-8.930719,0.4800581
1.4172767,7.468012,-11.386813
3.0910196,-19.520834,-8.500834
4.0688396,-16.99126,-10.00506
13.099157,-9.3075905,4.277456
-5.182905,3.8833556,14.72647
-3.700671,-1.5589076,4.952604
-4.206308,-0.56061494,18.597397
-5.073288,3.1134253,14.463384
2.1605844,8.953419,-13.332491
11.555529,-10.066468,0.0672226
6.5356245,9.486086,-1.2888985
1.4313968,9.206225,-10.2781725
5.3487153,-17.310596,-6.7527184
-4.452468,-1.9443597,6.230869
-3.720246,-0.8278475,7.118431
5.4627786,-17.35044,-7.6408725
9.029022,7.0817065,-4.012741
-5.665194,17.204336,-1.2350423
-3.4619315,-0.78274196,7.1169686
5.785967,8.644168,1.0516682
-4.027321,-1.6926699,5.8746853
-6.968578,15.1105175,-4.011222
-4.0318627,-8.273742,1.6043454
-3.9579034,-4.358579,15.62107
11.443102,4.4773884,8.922495
0.20681036,-14.223906,-6.140702
-2.2773468,8.1253,-11.882238
-18.077713,-1.0387323,-3.4451892
13.104909,-9.469082,0.35648704
0.40791523,-0.28925756,4.780545
2.85842,-4.992759,-6.7889986
-1.5004048,17.218334,-2.865717
-6.6524663,-7.5788913,2.7567487
-3.8949893,-3.094355,15.143182
12.194534,5.3102937,9.61559
0.07150382,-14.651779,-5.914673
-3.3571577,0.605876,-15.902284
-17.790894,-0.67676324,-3.8531618
11.999621,-9.3805065,-4.2031746
2.1065192,-2.7180347,3.9439685
2.5870678,-6.304354,-7.072907
-7.3755608,15.055541,-3.774399
-6.8071895,-7.579725,2.309309
-2.8385084,-3.0472603,16.503233
10.974719,3.7790275,8.009662
-1.3197124,-12.11408,-7.773362
-3.1626616,0.6047109,-16.10127
-17.49745,-0.45572254,-4.1694636
13.246354,-7.773578,-6.8587027
0.15182073,-0.1339408,4.880056
2.3512583,-5.334046,-7.407626
-4.3895707,19.020489,-3.3692367
2.4507484,-6.623275,-7.0125127
-3.5478635,7.567932,-11.698752
-1.8120317,3.2962985,-17.237303
-15.988475,-1.0969386,-5.2891026
-3.004685,-0.27939066,-16.219555
-8.016345,18.758871,-1.3669003
-0.01703756,-6.0405617,-7.0106173
0.9224508,-2.6733546,3.54199
2.499498,-6.0545373,-6.9033303
0.89768016,-2.3222542,3.631702
1.1840838,-13.519297,-6.7251196
-2.791294,-7.123941,1.5697562
13.606052,-7.6742053,-6.6442394
13.571436,-7.589256,-6.667124
12.297603,3.3578079,11.52464
-2.0085711,1.3589402,-16.140944
-2.9114814,-7.113607,1.5833791
-7.753921,14.690968,-1.7558398
-1.8650798,17.860657,-1.2618854
-1.7307994,-0.99701047,15.275296
-2.8021839,-2.441491,15.252639
13.28048,-8.791841,-4.118061
1.6274354,-3.4380016,3.4572413
-1.4605927,-0.8029928,14.651838
-10.922155,15.251538,-3.192646
-3.5064316,-11.167844,3.92926
-1.4563054,-0.6945467,14.779638
-17.631931,-2.1097646,-4.359945
11.336458,4.8181124,10.50144
11.453985,4.373569,9.34105
12.511957,-8.342598,-4.588357
11.539913,5.207615,11.005465
9.568798,3.6536803,9.164048
1.7365873,-13.228046,-6.9235077
-17.197725,1.0599267,-5.842014
-18.477947,1.4553261,-0.7329916
-17.075747,0.00034137047,-6.667818
-0.17705873,-14.74392,-6.503495
2.134859,-5.762222,-6.9243274
-4.8946834,-7.3043194,0.8226245
-3.0959144,6.453955,-11.345666
-8.081845,14.742431,-2.214734
1.5660186,-6.444703,-6.4481106
-3.2669926,6.676661,-11.438821
-2.0271647,-1.6506276,15.325026
-0.01366835,1.3181443,2.165971
-4.595007,-2.795914,15.036562
-7.5384507,16.6808,-3.7104232
-5.2999167,19.532291,-3.205343
-3.2634103,-11.167292,3.968324
13.611857,-8.653396,-4.6711645
-17.556776,-0.015778324,-4.1151595
11.84773,4.5690174,9.819652
-6.335539,-5.379156,18.790337
-5.794037,-6.818031,0.46406275
13.411683,-7.835988,-6.679359
0.39576963,-14.892966,-6.552873
-16.746777,-2.004212,-0.5895194
12.293785,5.1747804,10.750422
-6.27325,-6.6576724,1.073048
6.878463,3.9412825,5.7481003
1.5036439,-5.8134437,-6.447242
-4.903907,-7.151351,1.5839586
13.585878,-8.503879,-4.865858
-16.663816,1.1563404,-5.991726
-0.35777095,-3.9608936,3.1536894
5.216803,-17.768196,-7.757457
6.9419894,3.982008,5.7935247
-4.683559,-7.2442203,0.61431444
7.5444207,-13.873466,-6.5706625
-8.47329,15.744607,-0.14256889
-1.4427152,6.792563,-10.531551
10.31165,3.425822,7.805546
-16.27289,-1.6438754,-0.22978489
2.829352,-6.549071,-7.3817773
-16.42312,-1.5637678,-0.15311883
-3.7969115,-7.8581686,1.0251449
13.657752,-8.691951,-4.993815
-1.7056755,1.4694697,-16.587227
3.0495527,-19.63419,-8.44538
7.409763,-13.565141,-7.065368
14.119372,-8.283801,-5.459488
-3.0009747,-4.1678743,16.392942
1.9311717,-5.4718075,2.5370636
-2.7508214,-4.334228,16.481123
-3.330438,-4.0298066,15.779951
-2.8175244,0.75071186,-17.396553
12.122504,-9.231159,0.14285655
3.016452,-5.864893,-6.8661
-2.9379637,-0.9459816,-19.07618
2.7657058,-19.58385,-9.363849
-0.013359326,0.033801783,2.8246424
1.1028552,-7.2270017,2.0540872
7.44832,-13.714729,-6.8779216
2.3568385,-5.053164,-6.7024875
-7.6209416,14.568313,-1.7383702
-0.097229816,-0.26329696,5.09743
3.3592007,-5.864056,-6.007677
1.3929094,-4.163022,3.2136495
-1.7018297,20.564741,-0.7597267
-4.9995856,-12.275073,2.182665
-6.452934,-3.5103061,18.605677
7.259732,3.1067152,6.072972
0.55526435,-18.496973,-10.324216
1.121266,2.1924398,-16.683437
-13.743909,5.6955843,-2.0764813
13.568383,-6.1436806,-1.1643518
-3.7359974,3.6566818,8.989275
6.863517,10.226649,-0.8411001
-5.756195,22.047338,-0.76704174
-4.431313,-12.844001,3.8992264
-6.766443,-2.0524876,19.254923
7.5082273,3.6252503,8.335602
0.62405074,-16.309565,-9.388798
0.0128809335,0.1879943,-18.886997
-13.764105,6.138251,-2.4180741
14.001907,-8.722426,1.2955513
-5.2376876,-8.758532,-5.186414
10.92086,5.92286,-2.77774
-2.4082696,20.88164,-2.474843
-3.8227963,-11.239456,3.4025373
-6.653256,-4.9104037,18.561754
6.8760304,4.3341765,9.716264
2.2555327,-18.108356,-9.708513
-0.6097858,0.104918495,-18.525589
-13.092359,3.88538,-1.0231531
13.488748,-7.156279,1.8662361
0.8647374,-5.281618,2.3446789
5.88792,8.806788,1.4600664
-4.4116316,20.880678,-1.1067804
10.694387,6.585505,-2.9358106
2.3883526,0.626098,-15.607364
-1.8020527,1.1246722,-17.536938
-14.372487,4.8426833,-4.525216
1.2540393,1.9630222,-16.921295
-4.6139097,20.360054,-1.6671871
1.0279049,7.496943,8.788258
1.9079968,2.038646,2.6389406
9.75523,7.246796,-3.4784799
1.4823579,0.9924254,-1.1743536
0.8382461,-15.703661,-11.457216
-4.4004264,-6.563095,3.8227916
14.156433,-7.8130302,3.8930137
12.904546,-6.446573,-1.3622174
5.969992,3.362523,9.9212265
0.22479706,1.5011178,-16.354006
-4.44023,-8.030241,2.8449304
-5.589016,20.827555,-4.870358
-4.735585,21.070496,-4.3969746
-5.4792037,-3.0537317,16.662884
-8.93102,-4.3256,18.07773
15.308692,-7.982827,4.361081
1.6090326,0.94833297,-1.4370064
-6.1518297,-4.9501185,18.43262
-5.885012,15.394977,-4.1076984
-12.394184,0.20456977,13.2285385
-8.763783,-0.5889073,17.556093
-13.074017,0.4757784,-0.16468528
5.8499975,2.7701418,9.271292
5.7687654,2.5493195,9.335859
13.844708,-6.867558,0.8929411
10.99651,1.3356221,10.039612
10.5806465,0.9981602,10.021915
1.7996424,-16.022087,-8.669014
-12.69149,2.203877,-1.4703171
-14.316662,4.9375873,-4.5481257
-13.725716,5.8104215,-2.0017464
1.2489886,-17.729612,-9.228485
6.343324,9.093998,1.6028764
-2.7904916,-9.296913,4.2866654
2.1190622,0.4430524,-15.487848
-8.670052,16.225393,-2.4282372
7.288528,6.464094,0.044159003
1.1020521,0.20869416,-15.447175
-7.4068065,-5.0993323,18.555086
0.07355705,-2.506112,1.1628425
-8.520982,-4.2644925,18.365164
-9.532996,15.266728,-3.3935502
-4.5819674,19.211018,-0.041650232
-7.609031,-7.8354583,2.4981036
14.345885,-6.69982,0.8455647
-13.546311,2.2841434,-4.3595815
7.7063556,3.3741655,11.146888
-1.1430203,-0.17083405,17.446184
-3.967393,-9.275939,1.4348661
11.550724,-9.455401,-2.231352
-0.5464103,-14.5734215,-12.849751
-13.54286,4.8394017,-1.0479252
6.971716,4.3842497,7.580296
-5.2683516,-10.319335,0.99451065
7.253083,4.695364,8.992147
11.060557,6.9560037,-2.8686862
-6.124748,-10.064682,2.4004843
14.745431,-7.7466884,3.7564778
-14.946643,3.4298136,-3.1711912
-3.6805544,3.5698621,9.068653
1.124273,-18.68865,-9.91843
5.8682303,4.394964,8.335576
-4.542424,-11.020943,2.355734
-1.0566975,-17.861607,-12.729439
-3.6684082,18.991697,-1.4007024
1.728269,1.5917132,-15.562389
6.6187053,1.5118779,10.978259
-14.132366,-0.037272736,1.823016
6.1717925,10.2606,1.201848
-16.972908,-0.43905064,-5.377898
-2.6334333,-9.965378,3.84282
15.570575,-7.715903,0.8616318
-1.1381193,0.16910666,-17.698996
1.6553007,-18.025646,-9.338894
0.15984467,-15.4312725,-10.086895
14.219709,-6.9577494,0.79222614
-7.890382,-4.848058,18.464527
0.46287206,-0.5165556,-1.7935009
12.738672,-0.26251337,12.16599
-3.5274856,-4.0026655,16.817078
1.9448858,2.6639426,-14.996788
11.019066,-9.214687,3.2710483
11.006495,7.8071957,-3.960128
-0.23020725,0.36525795,-18.285778
0.62403905,-18.406883,-10.350908
0.6220383,-0.36996415,-1.6491345
0.41802457,-2.2148454,8.647395
-0.82380843,-17.052362,-12.596284
10.915643,7.808758,-4.298924
-3.9896994,15.639167,0.41159347
0.29153785,-0.6214177,-1.8005663
10.815606,8.900064,-2.9317179
-3.784438,3.7532663,8.903458
-12.382344,0.35587314,12.818358
-5.1282296,-1.2356248,17.783695
5.8562875,7.347308,10.928717
0.12474995,-13.143952,-12.398072
1.4757994,7.0341697,-11.613166
-19.352081,-0.08430516,-6.0842066
12.829561,-3.134027,-2.386501
1.8308845,-1.17148,4.4578066
5.581031,11.683404,-1.0888461
-4.0048532,20.91095,1.2126374
-12.497499,0.45096147,13.124275
-9.684286,-2.0136185,17.847897
5.732012,6.804651,8.451722
-0.19086336,-13.107228,-12.529062
3.5381253,8.3346615,-8.831435
-17.462845,-1.0557002,-5.9248266
14.396153,-3.1993752,-1.2547057
2.087562,0.19461308,4.40829
5.349774,9.903998,-1.8080012
-4.237165,20.50397,1.2234659
-12.395224,-0.10730766,12.934974
-4.9293566,0.09542471,18.556278
6.8778257,7.995119,7.6679068
0.952351,-11.055883,-11.307787
3.3024,9.107689,-7.20733
-17.508152,1.6996087,-6.234139
12.686228,-3.7467592,-2.6684842
2.1105535,-0.2398586,5.033225
5.3686347,10.992087,-1.6260011
-5.931592,17.662241,1.6537765
8.604885,9.411756,-3.7504847
2.9462283,8.053597,-7.66261
2.8645394,7.211567,-10.043299
-17.56542,1.789006,-4.0290008
3.2976859,8.743915,-7.4522066
-3.3943467,19.48053,1.1379988
4.408201,10.059583,-0.43716002
1.266482,-0.24949488,4.5396347
6.952848,10.886155,-1.5773795
2.1726265,-0.25401714,2.9808304
3.4774823,-11.542015,-11.534637
-13.305386,3.423294,10.947796
13.925928,-3.7058191,-0.7731822
13.234083,-4.571091,-3.8162565
6.1673403,7.5389953,7.519527
4.336976,8.243526,-7.0646195
-12.911953,2.397106,12.295267
-5.3666224,0.7702912,18.749336
14.167683,-3.4246469,-1.167112
2.1461744,0.61893964,4.3806086
-3.9092436,3.474193,17.971403
-4.536271,19.35761,0.40240428
-12.736659,1.8278095,12.491921
-5.0047507,2.1890147,17.107594
-19.366673,-0.094013914,-6.101605
6.1395416,5.784193,9.301459
5.663532,6.774999,8.6839695
13.949902,-3.5735552,-2.576396
5.537293,8.199913,11.202534
6.4833655,9.024931,9.404481
1.5342152,-10.53073,-11.157223
-16.90183,1.7402544,-3.7226553
-17.878206,2.271578,-4.385204
-18.35537,0.8544678,-5.240744
0.8771066,-11.112229,-11.330279
5.596849,11.546647,-0.55162287
-13.177001,3.0703242,11.2214365
3.1333396,7.129539,-9.828008
-3.468198,19.788664,1.6043545
5.5000863,11.592924,-1.1822373
2.9281213,7.862033,-8.51341
-3.5889306,2.840671,17.948198
0.13100709,-0.58527285,2.9149864
-4.116339,3.1702287,17.58519
-1.6690573,20.528572,-0.68777573
-6.2708936,20.703913,2.3038528
-12.913066,2.2933145,12.203482
13.468494,-6.6437182,-1.0019035
-17.907513,1.5650082,-5.2894244
5.315175,8.631425,11.375642
-6.61073,-0.056641724,18.146152
-12.505774,0.3905763,12.783408
-1.259854,-17.062384,-14.663564
-16.287577,0.6366941,-0.8414488
5.954607,7.1335974,11.094476
-12.795056,2.0314507,12.007255
5.7861295,9.143904,10.696262
4.6181126,10.195862,-0.30482334
-12.870179,3.0019941,11.399868
13.902242,-3.5192668,-2.493698
-17.402302,3.03478,-2.4909449
1.686768,1.6248169,1.186029
1.5784829,-10.477829,-11.134836
5.673387,4.896113,9.467442
-12.938954,3.1813083,11.473394
-1.0091199,-11.877631,-12.154105
-3.7062085,18.669792,0.7233801
1.8069048,5.9411154,-11.767404
6.4746366,8.943667,9.389135
-16.655993,1.536572,-5.47145
5.463246,10.377066,-2.5307086
-15.395437,2.473175,-5.329354
-12.813149,1.4328045,12.566128
13.130442,-3.7039745,-3.0788794
3.5176506,8.0410185,-7.7352533
0.4366648,-12.613412,-12.234162
3.3301287,-10.911168,-10.923198
13.64207,-4.2727013,-0.5324934
-4.808523,2.0273304,16.539274
2.0003533,0.12644097,5.366543
-3.5691557,3.7358854,17.914541
-7.779522,1.3260394,18.338047
3.4576821,8.3632555,-7.5927467
12.712308,-3.9517977,-1.605446
8.436984,9.756024,-4.072063
2.0186317,6.510925,-8.842443
4.327958,-10.280329,-10.159016
5.0767894,-12.075463,-10.048783
2.1409657,8.264417,-0.48685372
-3.1037924,20.406586,2.0073202
1.4205009,1.5297332,2.388727
5.4955115,9.645925,-2.1653335
0.73347807,-0.28720814,4.4115686
-3.48727,18.07715,-0.94546264
-3.9014509,-7.5304413,4.50035
-7.1565433,-1.862193,18.854757
7.4653707,6.0986667,12.263819
4.3786573,-10.963993,-10.274411
-0.73001814,2.9526045,-14.848706
-16.487785,0.84506804,-6.5305376
13.205225,-5.0893793,1.0382
4.0133467,-4.5132184,3.0084295
8.663575,5.637555,2.9174058
-7.5199003,18.469702,0.0067668646
-4.6437078,-8.490358,4.26506
-4.2989197,0.30316144,15.169253
7.4060035,6.5279565,12.457865
4.0449867,-10.58645,-10.392017
1.3238723,4.001889,-14.620888
-15.44835,3.8482816,-5.033591
13.696626,-4.4354587,-0.58521646
3.1894596,-6.144091,7.106647
1.5416952,9.037803,1.1663891
-7.2658186,19.426912,3.290022
-5.8081636,-11.3621235,2.653935
-3.8506083,3.9179814,16.8214
9.100422,5.4223046,12.004023
4.003436,-11.5525,-10.808839
2.9127364,7.260619,-12.631648
-18.05913,1.7641436,-3.364892
12.558401,-4.901692,1.4108554
2.9800274,-2.9328668,7.8288064
2.502008,8.440033,1.3849152
-5.35066,19.106953,2.2578242
7.874714,3.9723911,-1.6807815
-0.96973,3.880134,-14.656408
-0.42785254,2.3558977,-13.499612
-15.562709,0.23344517,1.0860364
-1.0300484,3.8720613,-14.91625
-8.367853,17.832598,1.0879587
1.8083913,8.928615,0.9684599
3.2079518,-1.5794405,7.1001763
7.92025,4.177952,-2.0141773
-0.70396405,-3.8006535,5.8052955
3.224969,-10.4022875,-10.703756
-3.219629,-7.971953,3.1364367
12.853267,-3.706618,0.9280138
14.542268,-4.8272214,0.34631398
10.673277,4.481861,12.068468
0.8859651,5.1353035,-12.743755
-6.262304,-10.332713,2.1721857
-8.599475,18.576366,3.2971022
-8.540952,18.655973,3.3750298
12.618895,-4.36727,1.5298119
3.1474268,-6.378443,7.1892776
-2.2070735,2.5525568,17.36006
-6.7756124,22.193117,-1.0659025
-5.901271,-7.560665,0.53365564
-3.3352253,2.7063317,17.256428
-12.8453665,-0.65997493,-1.4432532
10.100276,6.154702,12.01635
10.250332,4.1676397,12.202727
13.1158285,-3.2628114,2.2487345
10.450599,6.8080244,10.446237
10.063423,5.889182,11.967403
5.0265484,-11.942425,-10.265726
-17.939365,-1.5958687,-2.6078446
-17.203339,2.02502,-0.2220176
-17.66969,0.33507827,-1.4966348
6.7999005,-13.010365,-8.807385
1.5639898,9.010275,1.2679306
-5.819295,-11.732187,2.4920104
-1.4312416,6.0274434,-13.366667
-5.0715294,18.14101,1.4717454
4.7152333,-5.46657,4.4035234
-1.8056782,3.3062308,-17.231491
-5.5928726,3.963786,18.547441
3.2317326,-2.31518,7.4292045
-0.94418395,3.3874643,17.335835
-6.8809633,22.291891,-1.2215954
-7.170031,22.51503,-0.013294847
-6.858994,-9.047927,1.7213928
12.274185,-6.5438256,3.1559162
-15.70766,-2.125038,-0.5153165
8.195604,6.0228133,12.504223
-5.265358,1.6907269,17.863052
-5.480472,-11.678549,3.2615898
13.155152,-3.1453803,2.378425
4.599227,-11.460572,-10.511576
-18.084696,-1.3895396,-2.5903914
8.164378,5.871339,12.680282
-2.5488966,-8.569017,3.551878
10.470427,-7.9323335,-4.475872
1.9227238,8.813801,0.6904347
-4.1689982,-10.2323885,2.637681
14.138959,-4.1647463,0.071449414
-17.945908,2.5013483,-1.4594654
3.2255561,-2.4750528,7.3692155
5.4858894,-12.199322,-9.414651
8.469633,6.0316453,12.920495
-6.2551236,-9.768651,0.34713426
4.4532876,-13.438225,-11.505774
-3.5396445,17.36866,-0.26865876
-1.8147832,4.003042,-12.940363
9.8565,6.777346,12.531206
-13.0705595,-2.9937975,-1.4042515
10.548739,7.1502547,0.17275527
-17.382133,3.0381262,-3.3531609
-6.528217,-9.801845,1.9139986
11.024629,-11.448209,-0.108217984
-1.8484013,6.4898243,-12.820359
2.290627,-13.419275,-12.457126
4.7137184,-11.444276,-10.732978
12.629947,-6.3948536,2.9088004
-7.451206,1.1661273,18.296398
4.1734886,-5.1203346,4.446638
-4.3326573,0.38472566,15.186624
-2.6408634,3.9439402,17.371902
-0.65269685,2.5288577,-14.676733
12.999653,-4.279795,1.6523945
9.962656,6.1533966,1.4795945
-2.197032,5.790504,-12.625966
3.694741,-13.367251,-11.50438
3.6947298,-1.3238722,7.397439
0.3988146,-5.274364,8.729847
5.540085,-12.215958,-9.118409
1.0270108,9.1928425,1.2725925
-5.415586,21.164122,1.2261891
3.3332896,-3.903434,8.087448
10.988995,5.84941,0.32645822
3.1185336,-3.3114007,7.8777857
-5.944286,17.557411,1.7555934
-4.8511677,-7.747258,-4.289261
-6.8109965,-2.9818141,18.822102
9.536856,6.9466877,10.334271
3.3388047,-14.256676,-10.941143
-1.6414291,5.910424,-9.897687
-17.042154,2.5661805,-6.3926253
11.724042,-11.139057,2.4193516
3.073161,0.27928963,4.8680053
5.534642,4.5104785,-0.38454285
-3.0536356,18.122921,-1.8271371
-4.3810434,-7.6454644,-4.699806
-4.558418,-0.37103957,17.597708
10.092774,3.4282918,11.700405
-0.725509,-14.132115,-12.462223
-1.371463,6.9839444,-10.45317
-13.079956,-1.0078622,-3.2757745
11.848327,-8.67634,-1.714559
1.6852922,-7.9412584,3.7408628
7.5708923,11.935347,1.0455772
-3.643466,19.035358,-3.893108
-7.001909,-8.621261,-2.1121461
-2.330728,-3.1782253,17.03987
9.394712,5.287632,13.758256
3.6751838,-16.313816,-8.747501
-0.5366968,-0.45831063,-18.749586
-16.92577,1.5741043,-1.055317
11.927851,-9.208269,-4.4740024
1.5031474,-7.4288983,4.548555
5.786293,4.4818244,-0.15665877
-2.177782,17.14786,-3.0294049
6.5533686,7.119917,-3.1156611
-0.026213795,5.6450315,-12.280297
2.014701,2.7183194,-14.833408
-17.475801,0.6622968,-1.5428815
1.0385365,2.381084,-16.676577
-3.1374097,14.990079,-4.647284
7.475827,6.386841,-3.5515501
4.207431,-6.8284445,5.1253023
6.1143622,7.2882743,-3.2813532
2.3310995,-8.544008,5.7557607
-0.32975712,-13.4105,-12.4619665
-3.8347836,-9.476981,3.449849
12.627444,-11.037962,3.2991767
11.834447,-11.48588,1.3982905
9.461041,-3.7521236,9.1012335
-2.9347878,6.4496093,-11.122718
-6.054861,-8.335362,-3.4658675
-3.9789896,15.192564,-4.132833
-3.1556513,15.002458,-4.626417
-2.5961447,-0.22755627,17.701529
-3.1554916,-3.3439243,16.268993
12.625292,-9.347173,1.0847943
4.1250157,-6.7507887,2.837061
-5.656991,-4.207363,18.86329
-2.5192084,16.83343,-2.7561219
-5.927208,-12.962069,1.4502245
-3.6102831,-1.6727519,18.226444
-13.887343,3.8456576,-0.08480838
9.626099,5.0687437,13.827261
8.713671,1.3510097,10.415071
10.941308,-11.248436,2.4133523
10.648721,0.7091161,11.748178
10.095593,3.561653,12.951666
-0.8773275,-16.71509,-12.267662
-17.256578,2.269243,-0.558824
-14.165949,0.5745772,-1.4356673
-14.332012,0.20825633,-1.5567235
2.8406816,-13.261454,-11.791832
9.502673,8.072002,0.6393589
-6.4780693,-9.18119,1.4100173
-3.0588508,0.49660507,-16.684502
-1.775076,17.83187,-3.301673
8.298933,5.1483893,-1.4892353
-1.2618796,5.69943,-11.070389
-2.9400253,-2.0638,19.145103
3.9398134,-6.527025,5.211819
-1.3398757,-0.16426031,17.605936
-1.6869321,17.231625,-2.9395344
-2.4804814,17.05503,-2.751891
-5.0332575,-11.768169,2.356841
12.400615,-10.971841,3.2431107
-16.626785,3.0565605,-1.4194152
9.457396,-0.21257779,11.418545
-3.2003071,-3.2638922,19.387516
-6.700263,-8.629541,-2.999138
12.77524,-9.545266,4.1012926
0.91851985,-14.183514,-11.34309
-16.850243,2.9269335,-0.5781174
9.134377,1.3127093,11.941883
-5.962629,-9.744296,1.3146745
8.759017,7.2840657,10.600466
6.0787044,6.924993,-3.5406895
-6.0346684,-9.475346,1.2969757
13.587298,-9.296625,1.6106086
-16.957281,2.7682083,-0.3465409
2.9802537,-6.7733283,6.1431646
1.4674487,-14.506202,-10.861139
7.610383,3.5448596,11.247398
-6.67884,-8.406922,-0.017742846
1.533232,-16.324223,-12.247177
-5.3715563,19.791927,-4.929058
0.37408736,-0.14111036,-18.963728
9.554626,-0.3893922,11.46783
-13.605415,1.1624619,-1.9292482
8.671786,5.755728,-1.4906539
-16.353128,3.0982325,0.16282257
-7.749441,-8.684702,-1.5151905
11.457302,-11.421164,3.2252076
-0.26990655,-0.93489194,-17.804453
0.49583414,-15.729394,-12.822273
2.855241,-13.844537,-12.449221
12.157079,-9.54557,-3.5477335
-6.437383,-5.3860307,18.631758
-3.4589195,2.8904614,9.597782
-4.391559,-4.1416116,19.50863
-2.7803667,-2.3494806,19.042423
-3.1984863,-0.9488307,-19.016993
11.235757,-10.940424,-2.119808
8.362252,5.5431223,-1.1739568
-1.2739569,0.27148458,-15.927063
-0.22571845,-14.709572,-10.977274
1.3240097,-8.103403,4.8318515
1.4569855,-7.4508395,6.3601437
6.607518,-14.279162,-11.2769375
9.465307,9.447922,-2.5810766
-1.1456237,17.281502,-3.050203
0.57693607,-6.889246,6.1979284
7.910816,4.8390102,-2.564197
1.6389053,-6.4904346,6.5077815
-7.245022,19.432114,3.4409473
-3.5679977,-3.7871635,-6.3644834
-1.5784122,2.3196046,17.028732
8.879276,4.338392,11.342776
-1.3369688,-17.039358,-13.66085
0.52738136,7.548616,-9.254883
-15.575179,2.3576813,2.0684958
12.904573,-10.585478,3.892094
0.14908814,-5.6238947,3.5532625
4.954488,9.579415,-2.7276986
-6.8349032,15.131945,0.5644766
-6.4248924,-8.510907,-2.9798577
-2.6766903,4.6365914,18.165455
10.251994,4.0161037,12.629178
-1.4706215,-17.181812,-14.049683
0.579965,5.836351,-10.692765
-16.033478,1.7814521,1.7779735
11.912985,-6.7548666,-1.1104966
0.7505714,-6.8056693,2.8863852
6.5475554,8.6203785,-3.4320738
-7.483827,16.325006,0.87243325
-0.11897176,-6.3905926,-4.628316
-1.5262887,2.9387717,16.928429
6.8551054,8.200349,7.723198
-1.6019636,-17.279898,-14.061825
-2.1135309,5.592364,-11.448453
-16.671188,3.9851313,1.1442552
11.740998,-6.980069,0.66089416
1.4473859,-6.6494007,4.5616007
6.6419806,7.6757174,-3.703069
-8.328044,22.034159,0.117757365
7.952254,8.1561985,-2.9616556
-0.80656457,4.7210474,-11.025566
-1.8414491,4.5393047,-11.318914
-16.38515,3.5476277,0.92282027
1.5925665,4.8439,-13.663979
-10.002903,14.348811,-2.2467518
7.997058,8.188928,-0.8884066
0.31671804,-6.2814674,5.995736
5.3955717,6.51738,-3.3095222
-0.7364275,-5.769108,4.169523
-1.1220526,-16.712923,-13.463198
-6.31142,-12.49333,1.4367058
11.8656225,-6.2688518,-1.6144472
11.165997,-7.986081,0.6511302
8.916204,5.9405603,10.540026
-0.80712384,4.7069097,-10.822218
-5.798192,-12.557528,2.573456
-8.270591,15.691635,-0.4667876
-8.374051,15.832606,-0.7926101
-0.7363084,3.4858062,17.368591
-0.6416947,4.211855,17.580975
11.971882,-6.941697,0.7478517
0.5479902,-6.28949,3.6892164
-1.312664,4.9430447,18.467524
-5.3112807,15.562713,-3.9515946
-3.5304294,-6.1868057,-5.5860476
-1.0803939,3.8341978,17.306581
-13.536029,3.1363451,-0.46949005
6.8000336,1.3531381,11.136898
11.09249,4.5125604,10.5183525
11.227874,-10.08619,2.7365828
11.211535,6.251697,11.153328
10.700823,6.589593,10.568555
-1.520391,-16.515171,-13.583062
-13.476178,3.6523201,-0.8133494
-13.693774,4.132133,-0.38519403
-13.74556,2.5824192,-0.42988783
0.83305883,-16.646566,-13.024488
6.3277698,11.064908,1.1399013
-4.529812,-11.585061,2.1712751
-1.9762988,5.9389043,-10.351946
-4.3592763,17.815477,-2.7181935
8.026195,7.612648,-2.3342736
-12.090681,0.9231506,-5.880314
-5.1231494,2.716478,18.97408
-0.744097,-3.8362055,3.589533
-0.6807145,5.0600915,18.513199
-3.7055273,18.16746,-1.3894683
-8.41605,15.569506,1.0040493
-4.7473464,-7.54756,-4.7014513
11.895247,-10.830001,1.8788362
-15.149847,2.4425926,0.77962613
8.577206,5.4514055,10.49775
-3.84692,2.8798757,16.69902
-5.0286207,-13.048627,3.8914108
14.431044,-8.002191,4.004762
0.9980155,-16.69213,-13.269359
-16.636395,3.868281,1.1527462
8.173251,0.40572658,10.164927
-4.881254,-13.040863,1.9385331
7.3160415,6.0987377,9.862695
5.6765523,8.728605,-0.21352634
-6.582206,-12.122745,3.0865583
14.247169,-7.276898,-2.290008
-16.222712,2.080769,1.2108179
2.1695926,-6.699193,6.9503293
-1.5910901,-16.548988,-13.775831
11.299224,5.4905477,10.081164
-6.4157047,-10.939962,1.2369733
2.0958781,-14.411888,-11.059153
-7.4506807,15.849987,0.43991897
-2.9868047,3.6943705,-13.008185
8.94109,6.778282,10.61699
-14.72336,4.1363487,1.5139533
8.103648,7.5676036,-4.301824
-14.239822,4.881086,-0.37297553
-6.6318817,-11.397946,0.7091104
15.269496,-9.78956,1.7940208
0.41756478,3.7370505,-13.76189
-1.4343055,-15.007255,-11.133425
-1.2284456,-15.012814,-11.005157
13.799031,-7.911883,-3.2747498
-1.4737173,4.109195,16.33987
0.7452754,-6.175568,7.0772395
-3.2265925,3.052669,17.814861
-2.5354438,3.6921632,16.52332
-2.4990323,6.326449,-9.798084
11.353323,-8.840579,0.5389409
7.7345767,7.2307215,-4.293201
1.4233526,5.9353347,-14.839678
-1.0991383,-14.940332,-10.584907
-0.78280956,-6.4527245,3.6751428
1.0264927,-6.936453,2.8607893
0.9090651,-16.667,-13.110305
9.060205,7.5972724,-5.247815
-9.815171,14.359192,-1.6244168
2.2459612,-6.9223013,5.58005
-4.1970873,19.832676,1.2636445
-3.3240204,-4.3534446,-6.420135
-8.270852,-0.6728935,17.576784
7.3636193,5.755666,6.8030505
4.7219152,-16.767056,-6.892811
1.2438108,7.7257757,-10.860712
-15.423044,3.1148512,-4.968627
12.328677,-4.846767,-3.4011514
1.9408032,1.3096299,1.8327303
7.4370284,10.524811,-2.932814
-8.082887,19.727581,0.9598261
-2.4423206,-4.1043386,-6.0133257
-9.532258,-0.94783735,17.753351
7.912334,7.1097302,7.5375547
2.30588,-17.82303,-8.550584
1.1484274,7.2017436,-8.973062
-15.570579,3.4913888,-5.24916
12.097836,-5.1616745,-4.1640687
1.5828607,1.6621721,2.1301427
10.49203,9.803205,-2.521517
-3.5775185,21.336834,-0.23381749
-2.6574655,-5.791094,-5.7194037
-8.232308,-0.2909356,18.35501
7.0070114,4.8995385,7.0911474
3.4687817,-16.899576,-8.026036
1.4508381,7.5661283,-6.344239
-16.42573,2.6163225,-6.0420794
12.437962,-4.619922,-3.4106898
1.7479243,1.933011,2.6131544
7.42053,10.551129,-2.754359
-7.0983653,19.742163,1.6301241
8.350228,9.345765,-1.7718692
1.1224389,7.1791067,-9.065294
1.1333857,6.9422455,-9.158986
-13.548577,1.6841552,-5.773053
0.9436721,7.309666,-9.040666
-6.8466945,19.50268,1.1070238
9.827791,9.382244,-2.774546
1.3268328,-0.27172852,1.4684882
9.32216,10.708158,-2.0050628
2.471781,0.1122067,1.3521832
1.5751615,-15.145487,-9.160784
-1.1247325,-4.967828,-5.5069366
12.290306,-5.214751,-1.9535251
11.753063,-4.242274,-1.8730752
6.3218727,4.094591,10.300988
3.0536263,7.8813787,-9.617674
-0.99861515,-4.4934397,-5.4401793
-5.9527216,19.786047,0.22615321
-6.0512085,19.899422,0.5038619
-7.808294,1.6368015,19.4164
-8.117017,0.4190823,17.31986
12.611877,-5.493324,-4.962423
1.7712036,1.0698764,-2.0343785
-8.84745,0.8786398,18.557314
-8.147213,22.087202,0.10299532
-2.0724268,-3.7212114,-6.0748973
-9.353493,0.76202905,18.291428
-16.609575,3.8672957,-5.183669
7.543808,6.9213805,7.3458276
6.2432523,6.0478926,9.997826
12.812455,-5.6844125,-3.2841353
7.5833187,7.280756,7.963043
7.8533506,5.3580437,10.338505
2.542606,-17.927723,-8.046777
-15.935812,1.4493624,-5.5022335
-17.581652,-0.68617105,-6.509436
-15.622926,1.0771013,-3.6386266
2.6364472,-16.460293,-8.580204
7.3585496,11.187529,-1.8913943
-1.9952197,-3.7607844,-6.1421695
0.39615077,6.966671,-8.371169
-8.579859,21.07449,-0.9024965
8.552954,11.044094,-2.511449
-1.0676206,5.0246787,-9.986377
-8.459319,0.15117325,18.377697
2.4868503,1.1830636,0.19877122
-8.716751,0.8154855,18.631853
-8.476572,21.866785,0.015487131
-5.5628595,19.552193,0.36959425
-1.4720947,-3.5760937,-6.0813313
11.52636,-5.8764396,-2.0132432
-14.9245205,3.2028165,-5.034929
6.567698,5.593825,8.610142
-9.6031,-2.8778574,17.910063
-3.304632,-4.033412,-6.446528
13.093774,-5.5664454,-1.7272341
2.0354357,-17.039711,-8.988793
-15.503337,3.4099693,-4.1814055
8.702001,3.9322815,8.743604
-2.5834959,-5.809006,-5.687231
5.97996,4.2374706,10.549096
9.724446,9.189166,-2.780105
-1.6611599,-4.277856,-5.6431327
12.053919,-5.252101,-2.1401005
-15.457252,2.514166,-3.557179
2.2960155,0.8778973,-0.0027122095
3.7026792,-17.004606,-8.017037
6.0835266,5.5714602,10.765753
-1.0560099,-4.1545305,-5.5435596
3.3690903,-16.936478,-8.244349
-6.872155,19.920036,1.6814944
3.1358805,7.9483323,-9.677665
6.734669,4.8627605,8.505288
-15.427644,2.6250644,-3.703589
7.5649843,11.141177,-2.3220217
-16.372177,1.7887998,-1.561134
-2.3277824,-3.6856778,-6.503413
11.71255,-4.01557,-3.2324991
2.9743288,9.153277,-7.785059
2.3521771,-16.989424,-8.6942625
5.663448,-15.754187,-7.75635
12.345542,-5.553025,-3.9107347
-7.53469,0.7669838,19.208889
1.9143597,0.5115104,-0.78581756
-2.6648054,0.73649913,17.613672
-9.361425,0.82771164,18.34091
0.16025187,6.9874816,-9.899298
11.982904,-4.458471,-3.4024155
7.708285,8.621651,-2.4322596
0.88419074,6.3153315,-11.357627
2.4917042,-17.44588,-8.307662
1.083898,0.16299433,-0.44370022
0.88072383,-0.13750869,-0.048186585
1.417521,-15.8999405,-8.630909
10.857264,10.226775,-3.6439576
-4.6786556,18.930885,-0.3238147
1.9660769,0.12388573,-0.89861953
10.508709,9.903949,-3.479441
0.7161384,-0.06826507,0.19867133
-8.668061,15.892819,-1.4217019
-4.959201,-12.430975,0.6461806
-5.1737027,0.48566607,16.086128
6.9520483,1.0363586,12.199843
4.8329716,-13.904334,-9.825104
-1.6591985,0.8995697,-18.453075
-15.283533,2.3501437,2.8845484
9.970632,-9.670832,4.621573
-6.1414385,-7.9300594,-2.0157626
1.8008293,-5.251465,-6.691424
-9.436359,15.455713,-0.7554302
-7.632656,-8.861543,0.63684267
-1.4870971,5.031309,19.340927
11.736055,2.1226048,11.634648
5.0247674,-14.042378,-11.056165
-2.537146,1.1682186,-18.189812
-13.475955,1.873804,1.6856395
2.8619113,-3.2946756,-6.8248715
-7.8844194,16.526531,-2.0333917
-7.5393434,-8.405929,0.6083719
-5.4581175,4.662183,18.804592
8.084136,0.35260653,10.394327
6.181042,-15.055204,-9.292705
-0.4828815,2.2935498,-14.5310545
-13.175792,-1.7552085,1.2186496
10.423188,-9.586136,4.150414
2.6306255,-9.611337,3.7440772
2.92136,-3.2974045,-6.875181
-10.923219,13.728712,-2.2903328
2.8068306,-3.4979258,-6.8102956
0.044330586,-0.12117739,-13.5670805
-0.31682017,-0.7550012,-19.650373
-13.608077,2.0825493,0.4521592
-1.9901246,1.4573765,-18.551447
-7.0231423,16.488188,0.718553
5.6369033,-5.2616987,-4.3967824
1.9707254,-5.283026,1.2919655
0.15364733,-0.3046898,-13.471383
-3.153934,-3.0968182,6.3052177
4.336007,-15.765187,-10.910615
-5.5042653,-13.635101,2.27585
12.829842,-8.194767,2.6129625
13.662117,-10.405612,4.8538513
8.215119,-3.5806806,8.736681
-1.4707468,-1.0784309,-19.632599
-6.0787597,-11.707461,0.7834293
-10.979381,14.484656,-1.4930063
-3.2221496,16.485823,-0.014880131
-0.42149568,5.31128,18.663235
-5.071685,0.54833233,18.641342
13.555705,-10.495907,5.6918974
1.3138145,-6.266678,4.1262336
-0.936962,5.3676944,18.402636
-10.305156,15.552095,0.1174663
-8.00071,-9.11698,0.7369219
-4.231147,-4.3622265,15.9453335
-14.565862,2.415389,1.8894479
8.133887,-3.3781977,8.797637
8.408996,-4.262002,8.710526
13.788711,-10.026808,4.767098
9.137771,-3.375435,7.260697
7.816395,-2.9609394,8.84614
6.208848,-14.602151,-8.929573
-13.980694,0.13078113,0.5730517
-13.582552,-0.3919165,1.3134272
-14.696997,2.2238648,1.2465298
7.424659,-8.507017,3.945787
3.9006164,-4.6659193,-6.4346676
-6.8496766,-11.425776,1.9552338
-1.0544074,0.9019438,-18.29726
-11.0625925,14.796628,-1.3475363
7.649276,11.10578,0.5775554
-2.322142,3.5240824,-12.469722
-1.432365,5.0549917,19.194307
-3.1480503,-3.991392,7.078915
-5.907741,21.980629,-0.8042558
-6.3453503,-12.095472,1.1355934
13.692029,-10.130596,3.2664652
-14.663671,2.5085707,1.8431969
7.8514023,-0.27027577,11.315375
-7.0324016,-3.3297153,18.564598
-6.1270814,-13.580745,1.3457776
14.697525,-8.815762,4.855224
7.4492383,-8.513906,3.9142027
-13.801745,0.5570696,1.7140151
7.303895,1.2254704,12.559198
-5.9351583,-13.656189,2.28659
6.7442026,-0.727619,11.26588
6.4071455,-5.074835,-3.7100327
-5.792786,-12.445743,2.4919634
13.354406,-10.962993,4.4583316
-17.699644,1.3251895,0.6552345
-3.3452182,-3.3360865,5.8769298
4.091086,-16.302603,-11.310146
7.120936,0.9952984,11.546027
-5.066411,-13.402162,2.420321
4.491563,-14.191013,-9.6172085
-9.420697,15.217219,-2.3448136
-0.6446857,1.3803402,-13.837404
7.585524,1.5458779,12.167551
-13.429672,-0.7380242,1.7656944
9.448086,11.36537,0.820141
-11.986214,-0.2695075,0.014110465
-5.336871,-13.678395,2.3739147
14.592302,-9.844571,-0.26761237
1.2243803,0.603924,-16.842464
4.708395,-13.951324,-10.245004
6.2586746,-15.272811,-8.306962
15.016582,-9.728445,2.7019773
-7.9782434,-1.5400323,15.754624
-1.0419135,2.723186,17.51864
-2.9083574,1.3127223,-18.006926
14.601163,-10.725136,4.3496156
5.927038,0.17432562,11.189714
-0.74174166,1.5711308,-13.872413
7.3390255,-8.478363,3.9751363
4.616657,-14.997724,-11.164638
0.091888584,-0.391622,-13.621743
-4.6706915,17.732986,-2.5987816
-2.9618652,-5.675747,6.947197
6.1258087,-5.230731,-3.9625783
-3.3132539,-5.152433,7.2002473
-7.8988414,20.095837,0.032341458
-6.440675,-6.397488,3.6160007
-6.3623514,0.5304581,18.065786
8.140311,3.1424975,5.685611
-2.2471454,-12.014734,-11.883613
-0.22217001,8.5588875,-11.814502
-14.150773,-2.397443,-3.3143573
12.77955,-10.710318,0.2835955
0.5359193,-4.5852065,8.401316
5.9361405,9.265675,-1.4459918
-8.359349,18.896591,0.13637345
-4.2091193,-6.9765205,2.0054898
-3.2371128,-4.1896567,15.506933
9.069682,-2.0135639,8.964767
2.3171048,-15.497407,-12.413361
-0.8038136,8.082925,-12.257138
-13.685617,2.8117182,-4.1052575
14.214066,-9.153418,-2.5947933
2.8246977,-4.7469707,6.920199
8.305141,6.949488,-1.4903914
-9.943339,19.896036,-2.071339
-7.079411,-7.6493526,3.1833959
-0.82917476,-2.597574,16.374247
-3.4626036,2.481604,-10.021857
1.6869168,-14.81404,-12.300711
-1.277587,8.489973,-12.747665
-14.067102,-1.5799955,-4.1203623
12.652705,-10.656731,0.27481157
0.4911435,-3.8096817,8.038925
7.751788,10.437667,-0.055395003
-4.3610315,18.95615,-1.4459889
9.321259,8.199926,-0.8013465
-0.29879332,7.219107,-12.951804
2.668586,7.2011247,-13.154361
-14.454814,-1.0405322,-4.473882
1.2854288,5.990497,-14.42541
-8.025867,15.314487,-3.3162796
10.945586,8.8825655,-1.4935277
0.39847666,-1.5450478,6.8091125
9.838126,8.904225,-1.8105799
3.872199,-5.1132364,6.3808804
2.7481818,-14.956616,-13.390553
-5.903289,-6.547524,3.8960135
14.694164,-3.9998636,-3.3936028
13.339526,-9.106761,-3.9765708
9.659547,-3.5371664,9.125619
-0.94508165,8.375328,-12.176667
-4.4010453,-8.252712,2.4213774
-8.328048,19.579018,-3.541183
-3.1125803,19.670162,-1.338172
-9.641698,-2.7754006,17.933697
-8.189748,-0.59512126,18.239912
15.061099,-8.756202,1.2750417
3.9638782,-5.5389924,4.375329
-9.38537,-2.736341,17.929235
-8.578708,17.897398,-4.314589
-6.6570287,-8.234445,3.8080106
-9.989141,-0.66975904,17.493965
-13.341791,2.6066058,-3.5600066
9.678991,-1.7346779,8.911287
10.048365,-1.9628954,8.631705
16.389715,-6.527089,0.09650263
8.582909,3.060769,5.251386
9.569341,-2.3148708,8.906947
1.743029,-12.685497,-12.391673
-13.112064,-3.2420318,-2.1726336
-14.734438,-0.9084776,-4.537265
-16.705706,-2.9946697,-4.845609
-1.4931347,-12.374258,-12.095474
6.814061,7.5142303,-0.93717116
-3.1644652,-7.759674,3.0947907
1.7173766,8.629488,-13.046058
-7.7266083,19.905165,-3.5784426
8.440271,8.277417,-0.5892182
-1.2101865,8.68675,-12.856691
-0.049533665,-3.012626,16.51867
0.21703827,-3.498872,7.3479958
-2.1076765,-3.0100896,16.389372
-6.5970926,18.985655,-3.6657383
-9.742152,19.888609,-2.0385094
-4.0343037,-6.5212226,3.978292
16.024662,-8.967601,3.298434
-13.689117,-2.5472944,-2.3566093
9.455521,-1.1676664,9.437416
-0.87520015,-2.6308153,16.390785
-3.4534552,-10.018484,5.294454
16.378899,-7.938905,2.3500621
-1.427343,-13.041483,-12.358964
-15.041912,-2.0925388,-0.60991114
8.981255,1.0262804,10.392872
-2.9418738,-8.770836,3.4546676
9.611962,3.6939664,7.2301235
7.0745792,7.1881785,-0.8173587
-6.015397,-7.6101604,3.0706434
12.795758,-7.9777994,-0.38834587
-14.995325,-2.1298215,-2.7711859
-2.0283353,-4.7714815,4.215454
-0.13626435,-15.863015,-12.768523
-3.4233205,2.5264437,-10.066024
-4.1498885,-6.8470187,3.871482
-0.11796552,-12.362931,-10.424682
-10.439961,16.006582,0.4174242
0.7125407,8.681181,-11.288243
7.9763827,2.5577588,8.968437
-13.526723,-1.9386786,0.18888703
7.2171397,6.4605145,-1.1789474
-14.887762,1.9015548,-4.248203
-4.0075502,-7.1564026,4.089301
11.412538,-9.3815975,3.2613628
-0.89825696,7.848723,-11.230459
-1.2777414,-12.4915,-11.205994
-1.3314536,-15.066299,-13.0844345
11.451118,-9.01898,-1.8505738
-7.9461913,1.6930687,19.387934
0.44603458,-2.4984045,8.198208
-8.172501,1.3027772,17.658533
-9.595862,0.30296615,17.038221
-1.5382918,7.930531,-12.933978
15.30695,-9.1801195,2.7966027
10.594998,8.826694,0.35436022
0.83498,9.362508,-11.992261
-0.82647103,-14.459443,-12.487386
-1.0871464,-8.152832,5.9495997
-2.3625236,-8.992839,5.0366273
0.7202465,-15.102651,-10.877221
9.399839,7.428059,-1.3786558
-7.8600802,16.19787,-3.9382038
-1.9198096,-4.471782,4.4139156
6.801958,5.279037,0.57988256
0.44363907,-1.7482144,7.2479463
